id,first_name,last_name,email,gender,city
1,Jeffie,Tunna,jtunna0@cloudflare.com,Male,Calsib
2,Fae,Lockyear,flockyear1@baidu.com,Female,Sao Filipe
3,Milli,Masterman,mmasterman2@google.es,Female,Dunhou
4,Herby,Stagg,hstagg3@illinois.edu,Male,Klichaw
5,Antons,Gothup,agothup4@webeden.co.uk,Male,San Pedro Ayampuc
6,Hakeem,Perillio,hperillio5@examiner.com,Male,Casselman
7,Sapphira,Whyteman,swhyteman6@chronoengine.com,Female,Chimbote
8,Deeyn,Speariett,dspeariett7@whitehouse.gov,Female,Essen
9,Seward,Wheway,swheway8@comsenz.com,Male,Rejoso
10,Madelene,Klaff,mklaff9@wisc.edu,Female,Montor Timur
11,Shaine,Ewen,sewena@amazonaws.com,Female,Arrapi
12,Worthy,Wohler,wwohlerb@live.com,Male,Przemet
13,Artair,Gagin,agaginc@harvard.edu,Male,Victoria
14,Marna,Olyonov,molyonovd@dagondesign.com,Female,Bairro dos Marinheiros
15,Evan,Manchester,emanchestere@google.com.hk,Male,Goumenissa
